date,open,close,volume,high,low
2016/12/30,116.65,115.82,30555900,117.2,115.43
2016/12/29,116.45,116.73,14979680,117.1095,116.4
2016/12/28,117.52,116.76,20686510,118.0166,116.2
2016/12/27,116.52,117.26,18131970,117.8,116.49
2016/12/23,115.59,116.52,14244050,116.52,115.59
2016/12/22,116.35,116.29,26043820,116.51,115.64
2016/12/21,116.8,117.06,23724430,117.4,116.78
2016/12/20,116.74,116.95,21337310,117.5,116.68
2016/12/19,115.8,116.64,27756760,117.38,115.75
2016/12/16,116.47,115.97,44284660,116.5,115.645
2016/12/15,115.38,115.82,46286150,116.73,115.23
2016/12/14,115.04,115.19,33962370,116.2,114.98
2016/12/13,113.84,115.19,43293350,115.92,113.75
2016/12/12,113.29,113.3,26176690,115,112.49
2016/12/09,112.31,113.95,34324350,114.7,112.31
2016/12/08,110.86,112.12,27049830,112.43,110.6
2016/12/07,109.26,111.03,29976030,111.19,109.16
2016/12/06,109.5,109.95,26160560,110.36,109.19
2016/12/05,110,109.11,34113880,110.03,108.25
2016/12/02,109.17,109.9,26481320,110.09,108.85
2016/12/01,110.365,109.49,37034520,110.94,109.03
2016/11/30,111.6,110.52,36151450,112.2,110.27
2016/11/29,110.78,111.46,28507780,112.03,110.07
2016/11/28,111.43,111.57,27054320,112.465,111.39
2016/11/25,111.13,111.79,11475920,111.87,110.95
2016/11/23,111.36,111.23,27420550,111.51,110.33
2016/11/22,111.95,111.8,25931710,112.42,111.4
2016/11/21,110.12,111.73,29164190,111.99,110.01
2016/11/18,109.72,110.06,28310840,110.54,109.66
2016/11/17,109.81,109.95,27623150,110.35,108.83
2016/11/16,106.7,109.99,58724080,110.23,106.6
2016/11/15,106.57,107.11,32230590,107.68,106.1593
2016/11/14,107.71,105.71,50901380,107.809,104.08
2016/11/11,107.12,108.43,34117030,108.87,106.55
2016/11/10,111.09,107.79,57097740,111.09,105.83
2016/11/09,109.88,110.88,59118740,111.32,108.05
2016/11/08,110.31,111.06,24129630,111.72,109.7
2016/11/07,110.08,110.41,32361930,110.51,109.46
2016/11/04,108.53,108.84,30790930,110.25,108.11
2016/11/03,110.98,109.83,26538700,111.46,109.55
2016/11/02,111.4,111.59,28174980,112.35,111.23
2016/11/01,113.46,111.49,43403760,113.77,110.53
2016/10/31,113.65,113.54,26378910,114.23,113.2
2016/10/28,113.87,113.72,36792100,115.21,113.45
2016/10/27,115.39,114.48,31396130,115.86,114.1
2016/10/26,114.31,115.59,66028640,115.7,113.31
2016/10/25,117.95,118.25,46820600,118.36,117.31
2016/10/24,117.1,117.65,23492650,117.74,117
2016/10/21,116.81,116.6,22527690,116.91,116.28
2016/10/20,116.86,117.06,24100150,117.38,116.33
2016/10/19,117.25,117.12,19977160,117.76,113.8
2016/10/18,118.18,117.47,24308210,118.21,117.45
2016/10/17,117.33,117.55,23583810,117.84,116.78
2016/10/14,117.88,117.63,35626020,118.17,117.13
2016/10/13,116.79,116.98,35041820,117.44,115.72
2016/10/12,117.35,117.34,37512930,117.98,116.75
2016/10/11,117.7,116.3,63963010,118.69,116.2
2016/10/10,115.02,116.05,36087910,116.75,114.72
2016/10/07,114.31,114.06,24336440,114.56,113.51
2016/10/06,113.7,113.89,28508710,114.34,113.13
2016/10/05,113.4,113.05,21400410,113.66,112.69
2016/10/04,113.06,113,29707270,114.31,112.63
2016/10/03,112.71,112.52,21634520,113.05,112.28
2016/09/30,112.46,113.05,36340670,113.37,111.8
2016/09/29,113.16,112.18,35850010,113.8,111.8
2016/09/28,113.69,113.95,29608390,114.64,113.43
2016/09/27,113,113.09,24587490,113.18,112.34
2016/09/26,111.64,112.88,29800240,113.39,111.55
2016/09/23,114.42,112.71,52411070,114.79,111.55
2016/09/22,114.35,114.62,31048170,114.94,114
2016/09/21,113.85,113.55,35951900,113.989,112.441
2016/09/20,113.05,113.57,34494150,114.12,112.51
2016/09/19,115.19,113.58,46937190,116.18,113.25
2016/09/16,115.12,114.92,79763890,116.13,114.04
2016/09/15,113.86,115.57,90398170,115.73,113.49
2016/09/14,108.73,111.77,111186900,113.03,108.6
2016/09/13,107.51,107.95,62080160,108.79,107.24
2016/09/12,102.65,105.44,45114590,105.72,102.53
2016/09/09,104.64,103.13,46461610,105.72,103.13
2016/09/08,107.25,105.52,52955310,107.27,105.24
2016/09/07,107.83,108.36,42250480,108.76,107.07
2016/09/06,107.9,107.7,26645130,108.3,107.51
2016/09/02,107.7,107.73,26393770,108,106.82
2016/09/01,106.14,106.73,26675250,106.8,105.62
2016/08/31,105.66,106.1,31639010,106.5699,105.64
2016/08/30,105.8,106,24817940,106.5,105.5
2016/08/29,106.62,106.82,24900130,107.44,106.29
2016/08/26,107.41,106.94,27744300,107.95,106.31
2016/08/25,107.39,107.57,25001730,107.88,106.68
2016/08/24,108.565,108.03,23606240,108.75,107.68
2016/08/23,108.59,108.85,21236850,109.32,108.53
2016/08/22,108.86,108.51,25784420,109.1,107.85
2016/08/19,108.77,109.36,25108890,109.69,108.36
2016/08/18,109.23,109.08,21918340,109.6,109.02
2016/08/17,109.1,109.22,25328680,109.37,108.34
2016/08/16,109.63,109.38,33754680,110.23,109.21
2016/08/15,108.14,109.48,25704330,109.54,108.08
2016/08/12,107.78,108.18,18648700,108.44,107.78
2016/08/11,108.52,107.93,27460070,108.93,107.85
2016/08/10,108.71,108,23839880,108.9,107.76
2016/08/09,108.23,108.81,26296260,108.94,108.01
2016/08/08,107.52,108.37,28010430,108.37,107.16
2016/08/05,106.27,107.48,39546610,107.65,106.18
2016/08/04,105.58,105.87,26781730,106,105.28
2016/08/03,104.81,105.79,30148360,105.84,104.77
2016/08/02,106.05,104.48,33770220,106.07,104
2016/08/01,104.41,106.05,38018910,106.15,104.41
2016/07/29,104.19,104.21,27697970,104.55,103.68
2016/07/28,102.83,104.34,38771840,104.45,102.82
2016/07/27,104.265,102.95,92143920,104.35,102.75
2016/07/26,96.82,96.67,53454620,97.97,96.42
2016/07/25,98.25,97.34,40290580,98.84,96.92
2016/07/22,99.26,98.66,28218240,99.3,98.31
2016/07/21,99.83,99.43,32690080,101,99.13
2016/07/20,100,99.96,26219110,100.46,99.735
2016/07/19,99.56,99.87,23766360,100,99.34
2016/07/18,98.7,99.83,36464530,100.13,98.6
2016/07/15,98.92,98.78,30031410,99.3,98.5
2016/07/14,97.39,98.79,38885980,98.99,97.32
2016/07/13,97.41,96.87,25879680,97.67,96.84
2016/07/12,97.17,97.42,24129530,97.7,97.12
2016/07/11,96.75,96.98,23317990,97.65,96.73
2016/07/08,96.49,96.68,28877500,96.89,96.05
2016/07/07,95.7,95.94,24460850,96.5,95.62
2016/07/06,94.6,95.53,30877540,95.66,94.37
2016/07/05,95.39,94.99,27553750,95.4,94.46
2016/07/01,95.49,95.89,25982080,96.465,95.33
2016/06/30,94.44,95.6,35783320,95.77,94.3
2016/06/29,93.97,94.4,36505420,94.55,93.63
2016/06/28,92.9,93.59,40387960,93.66,92.14
2016/06/27,93,92.04,45595680,93.05,91.5
2016/06/24,92.91,93.4,75219710,94.655,92.65
2016/06/23,95.94,96.1,32042290,96.29,95.25
2016/06/22,96.25,95.55,29124140,96.89,95.35
2016/06/21,94.94,95.91,35407050,96.35,94.676
2016/06/20,96,95.1,34355970,96.57,95.03
2016/06/17,96.62,95.33,60793260,96.65,95.3
2016/06/16,96.45,97.55,31251870,97.75,96.07
2016/06/15,97.82,97.14,29373050,98.41,97.03
2016/06/14,97.32,97.46,31890740,98.475,96.75
2016/06/13,98.69,97.34,37708360,99.12,97.1
2016/06/10,98.53,98.83,31672220,99.3457,98.48
2016/06/09,98.5,99.65,26575570,99.99,98.46
2016/06/08,99.02,98.94,20839950,99.56,98.68
2016/06/07,99.25,99.03,22378380,99.87,98.96
2016/06/06,97.99,98.63,23265200,101.89,97.55
2016/06/03,97.79,97.92,28487570,98.27,97.45
2016/06/02,97.6,97.72,40170200,97.84,96.63
2016/06/01,99.02,98.46,29139100,99.54,98.33
2016/05/31,99.6,99.86,42268040,100.4,98.82
2016/05/27,99.44,100.35,36299460,100.47,99.245
2016/05/26,99.68,100.41,56293490,100.73,98.64
2016/05/25,98.67,99.62,38258300,99.74,98.11
2016/05/24,97.22,97.9,35074380,98.09,96.84
2016/05/23,95.87,96.43,37977020,97.19,95.67
2016/05/20,94.64,95.22,31834020,95.43,94.52
2016/05/19,94.64,94.2,30417880,94.64,93.57
2016/05/18,94.16,94.56,42009830,95.21,93.89
2016/05/17,94.55,93.49,46858910,94.7,93.01
2016/05/16,92.39,93.88,61192340,94.39,91.65
2016/05/13,90,90.52,44223040,91.67,90
2016/05/12,92.72,90.34,76183460,92.78,89.47
2016/05/11,93.48,92.51,28641180,93.57,92.46
2016/05/10,93.33,93.42,33653020,93.57,92.11
2016/05/09,93,92.79,32895650,93.77,92.59
2016/05/06,93.37,92.72,43665160,93.45,91.85
2016/05/05,94,93.24,35850220,94.07,92.68
2016/05/04,95.2,94.19,40984160,95.9,93.82
2016/05/03,94.2,95.18,56770080,95.74,93.68
2016/05/02,93.965,93.64,47844490,94.08,92.4
2016/04/29,93.99,93.74,68388840,94.72,92.51
2016/04/28,97.61,94.83,82107120,97.88,94.25
2016/04/27,96,97.82,114436300,98.71,95.68
2016/04/26,103.91,104.35,52979780,105.3,103.91
2016/04/25,105,105.08,27997990,105.65,104.51
2016/04/22,105.01,105.68,33655810,106.48,104.62
2016/04/21,106.93,105.97,31416910,106.93,105.52
2016/04/20,106.64,107.13,30576980,108.09,106.06
2016/04/19,107.88,106.91,32340620,108,106.23
2016/04/18,108.89,107.48,60784920,108.95,106.94
2016/04/15,112.11,109.85,46873670,112.3,109.73
2016/04/14,111.62,112.1,25364920,112.39,111.33
2016/04/13,110.8,112.04,32771760,112.34,110.8
2016/04/12,109.34,110.44,27150570,110.5,108.66
2016/04/11,108.97,109.02,29357940,110.61,108.83
2016/04/08,108.91,108.66,23553790,109.77,108.17
2016/04/07,109.95,108.54,31735810,110.42,108.121
2016/04/06,110.23,110.96,26178840,110.98,109.2
2016/04/05,109.51,109.81,26560420,110.73,109.42
2016/04/04,110.42,111.12,37322930,112.19,110.27
2016/04/01,108.78,109.99,25820460,110,108.2
2016/03/31,109.72,108.99,25763840,109.9,108.88
2016/03/30,108.65,109.56,45547590,110.42,108.6
2016/03/29,104.89,107.68,31154910,107.79,104.88
2016/03/28,106,105.19,19354440,106.19,105.06
2016/03/24,105.47,105.67,25568350,106.25,104.89
2016/03/23,106.48,106.13,25686350,107.07,105.9
2016/03/22,105.25,106.72,32345430,107.29,105.21
2016/03/21,105.93,105.91,35454230,107.65,105.1401
2016/03/18,106.34,105.92,43607120,106.5,105.19
2016/03/17,105.52,105.8,34394830,106.47,104.96
2016/03/16,104.61,105.97,38236730,106.31,104.59
2016/03/15,103.96,104.58,40026250,105.18,103.85
2016/03/14,101.91,102.52,25058280,102.91,101.78
2016/03/11,102.24,102.26,27368840,102.28,101.5
2016/03/10,101.41,101.17,33490630,102.24,100.15
2016/03/09,101.31,101.12,27148530,101.58,100.27
2016/03/08,100.78,101.03,31538710,101.76,100.4
2016/03/07,102.39,101.87,35890740,102.83,100.96
2016/03/04,102.37,103.01,46026600,103.75,101.37
2016/03/03,100.58,101.5,36884490,101.7099,100.45
2016/03/02,100.51,100.75,33136130,100.89,99.64
2016/03/01,97.65,100.53,50303500,100.77,97.42
2016/02/29,96.86,96.69,35131460,98.23,96.65
2016/02/26,97.2,96.91,28949760,98.0237,96.58
2016/02/25,96.05,96.76,27526040,96.76,95.25
2016/02/24,93.98,96.1,36192150,96.38,93.32
2016/02/23,96.4,94.69,31851180,96.5,94.55
2016/02/22,96.31,96.88,34240470,96.9,95.92
2016/02/19,96,96.04,35290570,96.7599,95.8
2016/02/18,98.84,96.26,38866100,98.89,96.091
2016/02/17,96.67,98.12,44811800,98.21,96.15
2016/02/16,95.02,96.64,48032600,96.85,94.61
2016/02/12,94.19,93.99,40323020,94.5,93.01
2016/02/11,93.79,93.7,49979700,94.72,92.59
2016/02/10,95.92,94.27,42288790,96.35,94.1
2016/02/09,94.29,94.99,44282560,95.94,93.93
2016/02/08,93.13,95.01,53920550,95.7,93.04
2016/02/05,96.52,94.02,46315620,96.92,93.69
2016/02/04,95.86,96.6,46418230,97.33,95.19
2016/02/03,95,96.35,45870130,96.84,94.08
2016/02/02,95.42,94.48,37190500,96.04,94.28
2016/02/01,96.47,96.43,40814360,96.71,95.4
2016/01/29,94.79,97.34,64332440,97.34,94.35
2016/01/28,93.79,94.09,55622370,94.52,92.39
2016/01/27,96.04,93.42,133059000,96.6289,93.34
2016/01/26,99.93,99.99,71937310,100.88,98.07
2016/01/25,101.52,99.44,51529980,101.53,99.21
2016/01/22,98.63,101.42,65648660,101.46,98.37
2016/01/21,97.06,96.3,52099200,97.88,94.94
2016/01/20,95.1,96.79,72274300,98.1897,93.42
2016/01/19,98.41,96.66,52960810,98.65,95.5
2016/01/15,96.2,97.13,79356010,97.71,95.36
2016/01/14,97.96,99.52,63000140,100.48,95.74
2016/01/13,100.32,97.39,62285770,101.19,97.3
2016/01/12,100.55,99.96,49046150,100.69,98.8399
2016/01/11,98.97,98.53,49687870,99.06,97.34
2016/01/08,98.55,96.96,70722000,99.11,96.76
2016/01/07,98.68,96.45,80742460,100.13,96.43
2016/01/06,100.56,100.7,68384270,102.37,99.87
2016/01/05,105.75,102.71,55583140,105.85,102.41
2016/01/04,102.61,105.35,67569090,105.368,102
2015/12/31,107.01,105.26,40885480,107.03,104.82
2015/12/30,108.58,107.32,25184090,108.7,107.18
2015/12/29,106.96,108.74,30912260,109.43,106.86
2015/12/28,107.59,106.82,26639930,107.69,106.1807
2015/12/24,109,108.03,13596680,109,107.95
2015/12/23,107.27,108.61,32618140,108.85,107.2
2015/12/22,107.4,107.23,32728460,107.72,106.451
2015/12/21,107.28,107.33,47507230,107.37,105.57
2015/12/18,108.91,106.03,96197190,109.52,105.81
2015/12/17,112.02,108.98,44654830,112.25,108.98
2015/12/16,111.07,111.34,56157370,111.99,108.8
2015/12/15,111.94,110.49,53168580,112.8,110.35
2015/12/14,112.18,112.48,64678220,112.68,109.79
2015/12/11,115.19,113.18,46810020,115.39,112.851
2015/12/10,116.04,116.17,29158640,116.94,115.51
2015/12/09,117.64,115.62,46301930,117.69,115.08
2015/12/08,117.52,118.23,34275420,118.6,116.86
2015/12/07,118.98,118.28,32063100,119.86,117.81
2015/12/04,115.29,119.03,57717870,119.25,115.11
2015/12/03,116.55,115.2,41511380,116.79,114.22
2015/12/02,117.05,116.28,33316990,118.11,116.08
2015/12/01,118.75,117.34,34806250,118.81,116.86
2015/11/30,117.99,118.3,38063130,119.41,117.75
2015/11/27,118.29,117.81,13046450,118.41,117.6
2015/11/25,119.21,118.03,21341960,119.23,117.92
2015/11/24,117.33,118.88,42747950,119.35,117.12
2015/11/23,119.27,117.75,32445680,119.73,117.34
2015/11/20,119.2,119.3,34135230,119.92,118.85
2015/11/19,117.64,118.78,43233950,119.75,116.76
2015/11/18,115.76,117.29,46559730,117.49,115.5
2015/11/17,114.92,113.69,27584020,115.05,113.32
2015/11/16,111.38,114.175,37979570,114.24,111
2015/11/13,115.2,112.34,45555300,115.57,112.27
2015/11/12,116.26,115.72,32461350,116.82,115.65
2015/11/11,116.37,116.11,45179400,117.42,115.21
2015/11/10,116.9,116.77,59029400,118.07,116.061
2015/11/09,120.96,120.57,33829290,121.81,120.05
2015/11/06,121.11,121.06,33009110,121.81,120.62
2015/11/05,121.85,120.92,39483400,122.69,120.18
2015/11/04,123.13,122,44829060,123.82,121.62
2015/11/03,120.79,122.57,45479260,123.49,120.7
2015/11/02,119.87,121.18,32152870,121.36,119.61
2015/10/30,120.99,119.5,49305220,121.22,119.45
2015/10/29,118.7,120.53,51106100,120.69,118.27
2015/10/28,116.93,119.27,85436210,119.3,116.06
2015/10/27,115.4,114.55,67673450,116.54,113.99
2015/10/26,118.08,115.28,66139770,118.13,114.92
2015/10/23,116.7,119.08,59251740,119.228,116.33
2015/10/22,114.33,115.5,41430660,115.5,114.1
2015/10/21,114,113.76,42276880,115.58,113.7
2015/10/20,111.34,113.77,48929200,114.17,110.82
2015/10/19,110.8,111.73,29723750,111.75,110.11
2015/10/16,111.78,111.04,38794930,112,110.53
2015/10/15,110.93,111.86,37622200,112.1,110.49
2015/10/14,111.29,110.21,44434220,111.52,109.56
2015/10/13,110.82,111.79,32970790,112.45,110.68
2015/10/12,112.73,111.6,30386830,112.75,111.44
2015/10/09,110,112.12,52720620,112.28,109.49
2015/10/08,110.19,109.5,61747260,110.19,108.21
2015/10/07,111.74,110.78,46717770,111.77,109.41
2015/10/06,110.63,111.31,48702200,111.74,109.765
2015/10/05,109.88,110.78,52033100,111.3698,109.07
2015/10/02,108.01,110.38,57774940,111.0136,107.55
2015/10/01,109.07,109.58,63849470,109.62,107.31
2015/09/30,110.17,110.3,66300930,111.54,108.73
2015/09/29,112.83,109.06,73230280,113.51,107.86
2015/09/28,113.85,112.44,51861990,114.57,112.44
2015/09/25,116.44,114.71,56005550,116.69,114.02
2015/09/24,113.25,115,50061580,115.5,112.37
2015/09/23,113.63,114.32,35678360,114.72,113.3
2015/09/22,113.38,113.4,50278030,114.18,112.5201
2015/09/21,113.67,115.21,46594220,115.37,113.66
2015/09/18,112.21,113.45,73991000,114.3,111.87
2015/09/17,115.66,113.92,63712340,116.49,113.715
2015/09/16,116.25,116.41,37080720,116.54,115.44
2015/09/15,115.93,116.28,43218350,116.53,114.42
2015/09/14,116.58,115.31,58279570,116.89,114.86
2015/09/11,111.79,114.21,49793750,114.21,111.76
2015/09/10,110.27,112.57,62800770,113.2825,109.9
2015/09/09,113.76,110.15,84757780,114.02,109.77
2015/09/08,111.65,112.31,54507300,112.56,110.32
2015/09/04,108.97,109.27,49904460,110.45,108.51
2015/09/03,112.49,110.37,53142590,112.78,110.04
2015/09/02,110.23,112.34,61681250,112.34,109.131
2015/09/01,110.15,107.72,76562170,111.88,107.36
2015/08/31,112.03,112.76,56111590,114.53,112
2015/08/28,112.17,113.29,53075960,113.31,111.54
2015/08/27,112.23,112.92,83825220,113.24,110.02
2015/08/26,107.085,109.69,96531890,109.89,105.05
2015/08/25,111.11,103.74,102731700,111.11,103.5
2015/08/24,94.87,103.12,161882500,108.8,92
2015/08/21,110.43,105.76,127246600,111.9,105.645
2015/08/20,114.08,112.65,68176940,114.35,111.63
2015/08/19,116.1,115.01,48079330,116.52,114.68
2015/08/18,116.43,116.5,34525630,117.44,116.01
2015/08/17,116.04,117.16,40827260,117.65,115.5
2015/08/14,114.32,115.96,42876370,116.31,114.01
2015/08/13,116.04,115.15,48407640,116.4,114.54
2015/08/12,112.53,115.24,101593400,115.42,109.63
2015/08/11,117.81,113.49,96820670,118.18,113.33
2015/08/10,116.53,119.72,54851010,119.99,116.53
2015/08/07,114.58,115.52,38610120,116.25,114.5
2015/08/06,115.97,115.13,52828890,116.5,114.115
2015/08/05,112.95,115.4,99202400,117.44,112.1
2015/08/04,117.42,114.64,123601900,117.7,113.25
2015/08/03,121.5,118.44,69639900,122.57,117.52
2015/07/31,122.6,121.3,42832890,122.6425,120.91
2015/07/30,122.32,122.37,33400950,122.5699,121.71
2015/07/29,123.15,122.99,36912040,123.5,122.27
2015/07/28,123.38,123.38,33570380,123.91,122.55
2015/07/27,123.09,122.77,44371580,123.61,122.12
2015/07/24,125.32,124.5,42090320,125.74,123.9
2015/07/23,126.2,125.16,50832950,127.09,125.06
2015/07/22,121.99,125.22,115288400,125.5,121.99
2015/07/21,132.85,130.75,73006780,132.92,130.32
2015/07/20,130.97,132.07,55204920,132.97,130.7
2015/07/17,129.08,129.62,45970470,129.62,128.31
2015/07/16,127.74,128.51,35987630,128.57,127.35
2015/07/15,125.72,126.82,33559770,127.15,125.58
2015/07/14,126.04,125.61,31695870,126.37,125.04
2015/07/13,125.03,125.66,41365600,125.755,124.32
2015/07/10,121.94,123.28,61292800,123.85,121.21
2015/07/09,123.85,120.07,78291510,124.06,119.22
2015/07/08,124.48,122.57,60609830,124.64,122.54
2015/07/07,125.89,125.69,46737090,126.15,123.77
2015/07/06,124.94,126,27972950,126.23,124.85
2015/07/02,126.43,126.44,27171180,126.69,125.77
2015/07/01,126.9,126.6,30206890,126.94,125.99
2015/06/30,125.57,125.425,44326050,126.12,124.86
2015/06/29,125.46,124.53,49043410,126.47,124.48
2015/06/26,127.67,126.75,43986290,127.99,126.51
2015/06/25,128.86,127.5,31872390,129.2,127.5
2015/06/24,127.21,128.11,55077520,129.8,127.12
2015/06/23,127.48,127.03,30192140,127.61,126.8792
2015/06/22,127.49,127.61,33976180,128.06,127.08
2015/06/19,127.71,126.6,54361530,127.82,126.4
2015/06/18,127.23,127.88,35363990,128.31,127.22
2015/06/17,127.72,127.3,32858900,127.88,126.74
2015/06/16,127.03,127.6,31443650,127.85,126.37
2015/06/15,126.1,126.92,43896960,127.24,125.71
2015/06/12,128.185,127.17,36826260,128.33,127.11
2015/06/11,129.18,128.59,35344520,130.18,128.475
2015/06/10,127.92,128.88,39029190,129.34,127.85
2015/06/09,126.7,127.42,56002840,128.08,125.62
2015/06/08,128.9,127.8,52609900,129.21,126.83
2015/06/05,129.5,128.65,35577760,129.69,128.36
2015/06/04,129.58,129.36,38335980,130.58,128.91
2015/06/03,130.66,130.12,30939810,130.94,129.9
2015/06/02,129.86,129.96,33595980,130.655,129.32
2015/06/01,131.2,130.535,32016020,131.39,130.05
2015/05/29,131.23,130.28,50474170,131.45,129.9
2015/05/28,131.86,131.78,30678840,131.95,131.1
2015/05/27,130.34,132.045,45771120,132.26,130.05
2015/05/26,132.6,129.62,70544670,132.91,129.12
2015/05/22,131.6,132.54,45469340,132.97,131.4
2015/05/21,130.07,131.39,39589780,131.63,129.83
2015/05/20,130,130.06,36261170,130.98,129.34
2015/05/19,130.69,130.07,44395440,130.88,129.64
2015/05/18,128.38,130.19,50723240,130.72,128.36
2015/05/15,129.07,128.77,38128470,129.49,128.21
2015/05/14,127.41,128.95,45123920,128.95,127.16
2015/05/13,126.15,126.01,34611600,127.19,125.87
2015/05/12,125.6,125.865,48073450,126.88,124.82
2015/05/11,127.39,126.32,41920740,127.56,125.625
2015/05/08,126.68,127.62,55473820,127.62,126.11
2015/05/07,124.77,125.26,42653920,126.08,124.02
2015/05/06,126.56,125.01,72037370,126.75,123.36
2015/05/05,128.15,125.8,49127770,128.4498,125.78
2015/05/04,129.5,128.7,50905020,130.57,128.26
2015/05/01,126.1,128.95,57349000,130.13,125.3
2015/04/30,127.5,125.15,82924980,127.88,124.58
2015/04/29,130.16,128.64,63063240,131.59,128.3
2015/04/28,134.455,130.56,118693700,134.54,129.57
2015/04/27,132.31,132.65,95084260,133.13,131.15
2015/04/24,130.49,130.28,44209710,130.63,129.23
2015/04/23,128.3,129.67,45596690,130.42,128.14
2015/04/22,126.99,128.62,37575420,128.87,126.32
2015/04/21,128.1,126.91,32341380,128.2,126.67
2015/04/20,125.57,127.6,46975110,128.12,125.17
2015/04/17,125.55,124.75,51481310,126.14,124.46
2015/04/16,126.28,126.17,28020240,127.1,126.11
2015/04/15,126.41,126.78,28922420,127.13,126.01
2015/04/14,127,126.3,25418280,127.29,125.91
2015/04/13,128.37,126.85,36248620,128.57,126.61
2015/04/10,125.95,127.1,40125760,127.21,125.26
2015/04/09,125.85,126.56,32244360,126.58,124.66
2015/04/08,125.85,125.6,37272090,126.4,124.97
2015/04/07,127.64,126.01,34894810,128.1218,125.98
2015/04/06,124.47,127.35,36917490,127.51,124.33
2015/04/02,125.03,125.32,32171410,125.56,124.19
2015/04/01,124.82,124.25,40463140,125.12,123.1
2015/03/31,126.09,124.43,42019420,126.49,124.355
2015/03/30,124.05,126.37,46974980,126.4,124
2015/03/27,124.57,123.25,39471720,124.7,122.91
2015/03/26,122.76,124.24,47409610,124.88,122.6
2015/03/25,126.54,123.38,51505600,126.82,123.38
2015/03/24,127.23,126.69,32747200,128.04,126.56
2015/03/23,127.12,127.21,37597600,127.85,126.52
2015/03/20,128.25,125.9,68516180,128.4,125.16
2015/03/19,128.75,127.495,45674520,129.2451,127.4
2015/03/18,127,128.47,65118170,129.16,126.37
2015/03/17,125.9,127.04,50891230,127.32,125.65
2015/03/16,123.88,124.95,35816300,124.95,122.87
2015/03/13,124.4,123.59,51744670,125.3951,122.58
2015/03/12,122.31,124.45,48233270,124.9,121.63
2015/03/11,124.75,122.24,68812690,124.77,122.11
2015/03/10,126.41,124.51,68720360,127.22,123.8
2015/03/09,127.96,127.14,88410240,129.57,125.06
2015/03/06,128.4,126.6,72699680,129.37,126.26
2015/03/05,128.58,126.41,56391280,128.75,125.76
2015/03/04,129.1,128.54,31588480,129.56,128.32
2015/03/03,128.96,129.36,37749900,129.52,128.09
2015/03/02,129.25,129.09,48042680,130.28,128.3
2015/02/27,130,128.46,61931350,130.57,128.24
2015/02/26,128.785,130.415,91171830,130.87,126.61
2015/02/25,131.56,128.79,74555120,131.6,128.15
2015/02/24,132.94,132.17,69109410,133.6,131.17
2015/02/23,130.02,133,73089250,133,129.66
2015/02/20,128.62,129.495,48878410,129.5,128.05
2015/02/19,128.48,128.45,37295460,129.03,128.33
2015/02/18,127.625,128.715,44695980,128.78,127.45
2015/02/17,127.49,127.83,63014110,128.88,126.92
2015/02/13,127.28,127.08,53955650,127.28,125.65
2015/02/12,126.06,126.46,74374630,127.48,125.57
2015/02/11,122.77,124.88,73278020,124.92,122.5
2015/02/10,120.17,122.02,61845390,122.15,120.16
2015/02/09,118.55,119.72,37900780,119.84,118.43
2015/02/06,120.02,118.93,43633660,120.25,118.45
2015/02/05,120.02,119.94,42197110,120.23,119.25
2015/02/04,118.5,119.56,69975180,120.51,118.309
2015/02/03,118.5,118.65,51842080,119.09,117.61
2015/02/02,118.05,118.63,62542440,119.17,116.08
2015/01/30,118.4,117.16,83646800,120,116.85
2015/01/29,116.32,118.9,84132130,119.19,115.56
2015/01/28,117.625,115.31,146184300,118.12,115.31
2015/01/27,112.42,109.14,92326640,112.48,109.03
2015/01/26,113.74,113.1,55457420,114.3626,112.8
2015/01/23,112.3,112.98,46420020,113.75,111.53
2015/01/22,110.26,112.4,53717440,112.47,109.72
2015/01/21,108.95,109.55,48482860,111.06,108.27
2015/01/20,107.84,108.72,49742320,108.9667,106.5
2015/01/16,107.03,105.99,78453330,107.58,105.2
2015/01/15,110,106.82,59808470,110.06,106.66
2015/01/14,109.04,109.8,48728190,110.49,108.5
2015/01/13,111.43,110.22,66969980,112.8,108.91
2015/01/12,112.6,109.25,49571170,112.63,108.8
2015/01/09,112.67,112.01,53645730,113.25,110.21
2015/01/08,109.23,111.89,59168760,112.15,108.7
2015/01/07,107.2,107.75,39983350,108.2,106.695
2015/01/06,106.54,106.26,65682250,107.43,104.63
2015/01/05,108.29,106.25,64210880,108.65,105.41
2015/01/02,111.39,109.33,53143770,111.44,107.35
2014/12/31,112.82,110.38,41304780,113.13,110.21
2014/12/30,113.64,112.52,29798660,113.92,112.11
2014/12/29,113.79,113.91,27533430,114.77,113.7
2014/12/26,112.1,113.99,33681200,114.52,112.01
2014/12/24,112.58,112.01,14479610,112.71,112.01
2014/12/23,113.23,112.54,25991030,113.33,112.46
2014/12/22,112.16,112.94,45097060,113.49,111.97
2014/12/19,112.26,111.78,86595830,113.24,111.66
2014/12/18,111.87,112.65,58785590,112.65,110.66
2014/12/17,107.12,109.41,53265930,109.84,106.82
2014/12/16,106.37,106.745,60651790,110.16,106.26
2014/12/15,110.7,108.225,67083260,111.6,106.35
2014/12/12,110.46,109.73,55873820,111.87,109.58
2014/12/11,112.26,111.62,41404690,113.8,111.34
2014/12/10,114.41,111.95,44475360,114.85,111.54
2014/12/09,110.19,114.12,60112240,114.3,109.35
2014/12/08,114.1,112.4,57445030,114.648,111.62
2014/12/05,115.99,115,38230970,116.08,114.64
2014/12/04,115.77,115.49,42068020,117.2,115.29
2014/12/03,115.75,115.93,42956200,116.35,115.11
2014/12/02,113.5,114.63,59205320,115.75,112.75
2014/12/01,118.81,115.07,83657780,119.25,111.27
2014/11/28,119.27,118.93,24814400,119.4,118.05
2014/11/26,117.94,119,40756950,119.1,117.83
2014/11/25,119.07,117.6,68719930,119.75,117.45
2014/11/24,116.85,118.625,46867340,118.77,116.62
2014/11/21,117.51,116.47,56759320,117.57,116.03
2014/11/20,114.91,116.31,43148650,116.86,114.85
2014/11/19,115.44,114.67,41815550,115.74,113.8
2014/11/18,113.94,115.47,44163250,115.69,113.89
2014/11/17,114.27,113.99,46687710,117.28,113.3
2014/11/14,113.15,114.18,43789060,114.19,113.05
2014/11/13,111.8,112.82,59418180,113.45,111.6
2014/11/12,109.38,111.25,46372630,111.43,109.37
2014/11/11,108.7,109.7,27330410,109.75,108.4
2014/11/10,109.02,108.83,27066060,109.33,108.67
2014/11/07,108.75,109.01,33655280,109.32,108.55
2014/11/06,108.6,108.7,34733740,108.79,107.8
2014/11/05,109.1,108.86,37365530,109.3,108.125
2014/11/04,109.36,108.6,41423660,109.49,107.72
2014/11/03,108.22,109.4,52154490,110.3,108.01
2014/10/31,108.01,108,44550790,108.04,107.21
2014/10/30,106.959,106.98,40572000,107.35,105.9
2014/10/29,106.65,107.34,52545580,107.37,106.36
2014/10/28,105.4,106.74,47689070,106.74,105.35
2014/10/27,104.85,105.11,34086120,105.48,104.7
2014/10/24,105.18,105.22,46937880,105.49,104.53
2014/10/23,104.08,104.83,70760150,105.051,103.63
2014/10/22,102.84,102.99,68140010,104.11,102.6
2014/10/21,103.02,102.47,93786680,103.02,101.27
2014/10/20,98.315,99.76,75705040,99.96,98.22
2014/10/17,97.5,97.67,67723910,99,96.81
2014/10/16,95.55,96.26,72017830,97.72,95.41
2014/10/15,97.97,97.54,99942790,99.15,95.18
2014/10/14,100.39,98.75,63287170,100.52,98.57
2014/10/13,101.33,99.81,53437060,101.78,99.81
2014/10/10,100.69,100.73,66249770,102.03,100.3
2014/10/09,101.54,101.02,77283330,102.38,100.61
2014/10/08,98.76,100.8,57329820,101.11,98.31
2014/10/07,99.43,98.75,42003200,100.12,98.73
2014/10/06,99.95,99.62,36780620,100.65,99.42
2014/10/03,99.44,99.62,43419580,100.21,99.04
2014/10/02,99.27,99.9,47697150,100.22,98.04
2014/10/01,100.59,99.18,51400260,100.69,98.7
2014/09/30,100.81,100.75,55119980,101.54,100.53
2014/09/29,98.65,100.11,49263260,100.435,98.63
2014/09/26,98.53,100.75,62276770,100.75,98.4
2014/09/25,100.51,97.87,99689300,100.71,97.72
2014/09/24,102.16,101.75,59974260,102.85,101.2
2014/09/23,100.6,102.64,63255860,102.94,100.54
2014/09/22,101.8,101.06,52421660,102.14,100.58
2014/09/19,102.29,100.96,70747430,102.35,100.88
2014/09/18,101.93,101.79,36971170,102.35,101.56
2014/09/17,101.27,101.58,60783090,101.8,100.5922
2014/09/16,99.8,100.86,66754370,101.26,98.89
2014/09/15,102.81,101.63,61169670,103.05,101.44
2014/09/12,101.21,101.66,62826040,102.19,101.08
2014/09/11,100.41,101.43,62077230,101.44,99.62
2014/09/10,98.01,101,100352500,101.11,97.76
2014/09/09,99.08,97.99,189419500,103.08,96.14
2014/09/08,99.3,98.36,46176570,99.31,98.05
2014/09/05,98.8,98.97,58280030,99.39,98.31
2014/09/04,98.85,98.12,85537710,100.09,97.79
2014/09/03,103.1,98.94,125000400,103.2,98.58
2014/09/02,103.06,103.3,53227770,103.74,102.72
2014/08/29,102.86,102.5,44516120,102.9,102.2
2014/08/28,101.59,102.25,68368740,102.78,101.56
2014/08/27,101.02,102.13,46807000,102.57,100.7
2014/08/26,101.42,100.889,33079170,101.5,100.86
2014/08/25,101.79,101.54,40087220,102.17,101.28
2014/08/22,100.29,101.32,44028280,101.47,100.19
2014/08/21,100.57,100.58,33377530,100.94,100.11
2014/08/20,100.44,100.57,52565000,101.09,99.95
2014/08/19,99.41,100.53,69189840,100.68,99.32
2014/08/18,98.49,99.16,47285630,99.37,97.98
2014/08/15,97.9,97.98,48938120,98.19,96.86
2014/08/14,97.33,97.5,28056530,97.57,96.8
2014/08/13,96.15,97.24,31866630,97.24,96.04
2014/08/12,96.04,95.97,33485870,96.88,95.61
2014/08/11,95.27,95.99,36459430,96.08,94.8355
2014/08/08,94.26,94.74,41783300,94.82,93.28
2014/08/07,94.93,94.48,46553350,95.95,94.1
2014/08/06,94.75,94.96,38463700,95.48,94.71
2014/08/05,95.36,95.12,55861030,95.68,94.36
2014/08/04,96.37,95.59,39860740,96.58,95.17
2014/08/01,94.9,96.13,48379730,96.62,94.81
2014/07/31,97.16,95.6,56625420,97.45,95.33
2014/07/30,98.44,98.15,32978480,98.7,97.67
2014/07/29,99.33,98.38,42957960,99.44,98.25
2014/07/28,97.82,99.02,54926940,99.24,97.55
2014/07/25,96.85,97.671,43384590,97.84,96.64
2014/07/24,97.035,97.03,45609040,97.32,96.42
2014/07/23,95.42,97.19,90937230,97.88,95.17
2014/07/22,94.68,94.72,54297530,94.89,94.12
2014/07/21,94.99,93.939,38792960,95,93.72
2014/07/18,93.62,94.43,49838110,94.74,93.02
2014/07/17,95.03,93.0899,57111160,95.279,92.57
2014/07/16,96.97,94.78,53323940,97.1,94.74
2014/07/15,96.8,95.32,45187420,96.85,95.03
2014/07/14,95.86,96.45,42643760,96.89,95.65
2014/07/11,95.36,95.22,33960300,95.89,94.8625
2014/07/10,93.76,95.035,39633800,95.55,93.52
2014/07/09,95.44,95.39,36267350,95.95,94.76
2014/07/08,96.27,95.35,65111960,96.8,93.92
2014/07/07,94.14,95.968,54809030,95.99,94.1
2014/07/03,93.67,94.03,22891750,94.1,93.2
2014/07/02,93.865,93.48,28414310,94.06,93.09
2014/07/01,93.52,93.52,38156280,94.07,93.13
2014/06/30,92.1,92.93,49474230,93.725,92.09
2014/06/27,90.82,91.98,61758200,92,90.77
2014/06/26,90.37,90.9,32528680,91.05,89.8
2014/06/25,90.21,90.36,36835900,90.7,89.65
2014/06/24,90.75,90.28,38977670,91.74,90.19
2014/06/23,91.32,90.83,43611710,91.62,90.6
2014/06/20,91.85,90.91,100478600,92.55,90.9
2014/06/19,92.29,91.86,35476080,92.3,91.3389
2014/06/18,92.27,92.18,33314720,92.29,91.35
2014/06/17,92.31,92.08,29684620,92.7,91.8
2014/06/16,91.51,92.2,35371460,92.75,91.45
2014/06/13,92.2,91.28,54406640,92.44,90.88
2014/06/12,94.04,92.29,54628650,94.12,91.9
2014/06/11,94.13,93.86,45528740,94.76,93.47
2014/06/10,94.73,94.25,62563070,95.05,93.57
2014/06/09,92.7,93.7,75295450,93.88,91.75
2014/06/06,92.8428,92.2243,87403076,93.0371,92.0671
2014/06/05,92.3143,92.4785,75796583,92.7671,91.8014
2014/06/04,91.0628,92.1171,83735285,92.5557,90.8728
2014/06/03,89.78,91.0771,73043412,91.2485,89.75
2014/06/02,90.5657,89.8071,92179668,90.69,88.9285
2014/05/30,91.14,90.4285,140860202,92.0243,89.8428
2014/05/29,89.6928,90.7685,93737728,90.9814,89.6814
2014/05/28,89.4314,89.1443,78793704,89.9757,89.1114
2014/05/27,87.9828,89.3757,86840486,89.4085,87.9471
2014/05/23,86.75,87.7328,57918367,87.8184,86.6385
2014/05/22,86.6571,86.7528,50142667,87.1214,86.3
2014/05/21,86.2614,86.6157,49184983,86.6714,86.0085
2014/05/20,86.3585,86.3871,58232373,86.6285,85.8185
2014/05/19,85.4071,86.37,78819884,86.7614,85.3328
2014/05/16,84.09,85.3585,68960136,85.3614,83.6285
2014/05/15,84.9571,84.1171,57427744,85.2285,84.0057
2014/05/14,84.6328,84.8385,41505203,85.3428,84.5343
2014/05/13,84.5714,84.8228,39854512,84.9343,84.3857
2014/05/12,83.9271,84.69,53184042,84.8085,83.9143
2014/05/09,83.5057,83.6489,72767192,83.75,82.9043
2014/05/08,84.0357,83.9985,57243511,84.9157,83.7714
2014/05/07,85.0357,84.6185,70532231,85.3271,83.9614
2014/05/06,85.9714,84.9157,93468228,86.3442,84.9157
2014/05/05,84.3057,85.8514,71523851,85.8571,84.2857
2014/05/02,84.62,84.6543,47673150,84.8857,84.2443
2014/05/01,84.5714,84.4971,60958860,84.9714,83.7657
2014/04/30,84.6628,84.2985,114029614,85.6328,84.2571
2014/04/29,84.82,84.6185,84049445,85.14,84.2157
2014/04/28,81.8285,84.87,167001640,85.1071,81.7928
2014/04/25,80.6471,81.7057,97435199,81.7128,80.5657
2014/04/24,81.1728,81.11,189588407,81.4285,80.1043
2014/04/23,75.58,74.9643,93473618,75.8757,74.9214
2014/04/22,75.4728,75.957,50607747,75.9751,75.2144
2014/04/21,75.0485,75.8814,45546494,76.02,74.8514
2014/04/17,74.2857,74.9914,70978621,75.3943,74.1714
2014/04/16,74.0071,74.1443,52515794,74.4414,73.4479
2014/04/15,74.3243,73.9942,66461884,74.52,73.0471
2014/04/14,74.5571,74.5257,51252748,74.5943,73.8871
2014/04/11,74.1428,74.23,67920698,74.69,73.8771
2014/04/10,75.8114,74.7828,59701814,76.0343,74.7385
2014/04/09,74.6628,75.76,51357706,75.7843,74.5743
2014/04/08,75.0271,74.7771,60880929,75.16,74.1
2014/04/07,75.4314,74.7814,72146992,75.8428,74.5557
2014/04/04,77.1157,75.9743,68615246,77.1428,75.7971
2014/04/03,77.3414,76.97,40472773,77.5,76.8057
2014/04/02,77.4828,77.5071,44803807,77.64,77.18
2014/04/01,76.8228,77.3785,50069657,77.41,76.6814
2014/03/31,77.0328,76.6771,41787976,77.2585,76.5614
2014/03/28,76.9028,76.6943,49703046,76.9914,76.3214
2014/03/27,77.145,76.78,55330425,77.3571,76.4457
2014/03/26,78.0743,77.1114,74394902,78.4285,76.98
2014/03/25,77.3571,77.8557,70284361,77.9643,77.0843
2014/03/24,76.9171,77.0271,88674487,77.2143,76.4371
2014/03/21,75.99,76.1243,93431688,76.25,75.19
2014/03/20,75.6985,75.5285,52017415,76.0957,75.3357
2014/03/19,76.0371,75.8943,56077605,76.6057,75.5714
2014/03/18,75.1285,75.9143,52279152,75.9957,75.0286
2014/03/17,75.3857,75.2485,49725201,75.71,75.1214
2014/03/14,75.5414,74.9557,59166181,75.8414,74.7143
2014/03/13,76.7771,75.8071,64314038,77.0943,75.5943
2014/03/12,76.3585,76.6585,49819071,76.7643,76
2014/03/11,76.4928,76.5843,69791288,76.9628,76.0843
2014/03/10,75.48,75.8457,44638950,76.19,75.477
2014/03/07,75.87,75.7771,55164427,75.9971,75.15
2014/03/06,76.1128,75.8214,46363282,76.3485,75.4428
2014/03/05,75.8457,76.0514,50000910,76.3928,75.59
2014/03/04,75.8571,75.8914,64772440,76.0914,75.3957
2014/03/03,74.7743,75.3943,59671581,75.8071,74.6871
2014/02/28,75.5828,75.1771,92930208,76.1071,74.5885
2014/02/27,73.8771,75.3814,75444623,75.54,73.7214
2014/02/26,74.8014,73.9071,69024270,75,73.6571
2014/02/25,75.6257,74.58,57961606,75.6521,74.4285
2014/02/24,74.7357,75.3643,72208942,75.7028,74.6314
2014/02/21,76.1133,75.0357,69688045,76.3671,74.9428
2014/02/20,76.1414,75.8785,76457383,76.7143,75.5714
2014/02/19,77.8214,76.7671,78415914,78.1271,76.3357
2014/02/18,78,77.9985,65048101,78.7414,77.9443
2014/02/14,77.4957,77.7128,68395257,77.9971,77.3157
2014/02/13,76.38,77.7757,76790093,77.8357,76.3143
2014/02/12,76.7071,76.56,76994423,77.08,76.1771
2014/02/11,75.8014,76.5657,70489461,76.8214,75.6428
2014/02/10,74.0943,75.57,86342646,75.9985,74
2014/02/07,74.4828,74.24,93444918,74.7042,73.9114
2014/02/06,72.8657,73.2157,64415139,73.3571,72.5443
2014/02/05,72.3657,73.2271,82072855,73.6114,72.3217
2014/02/04,72.2643,72.6843,94166758,72.78,71.8228
2014/02/03,71.8014,71.6471,100347900,72.5328,71.3286
2014/01/31,70.74,71.5143,116191705,71.6471,70.5071
2014/01/30,71.7914,71.3974,169602001,72.3571,70.9571
2014/01/29,71.9928,71.5357,125679438,72.4814,71.2314
2014/01/28,72.68,72.3571,266302550,73.5714,71.7243
2014/01/27,78.5814,78.6428,135926881,79.2571,77.9643
2014/01/24,79.1428,78.01,107943182,79.3743,77.8214
2014/01/23,78.5628,79.4543,100803600,79.5,77.8295
2014/01/22,78.7021,78.7871,94941728,79.6128,78.2585
2014/01/21,77.2843,78.4385,81897015,78.5814,77.2028
2014/01/17,78.7828,77.2385,106660852,78.8671,77.1285
2014/01/16,79.2714,79.1785,57313035,79.55,78.8114
2014/01/15,79.0743,79.6228,97888589,80.0285,78.8085
2014/01/14,76.8885,78.0557,83082535,78.1043,76.8085
2014/01/13,75.7014,76.5328,94612448,77.5,75.6971
2014/01/10,77.1185,76.1343,76235553,77.2571,75.8728
2014/01/09,78.1143,76.6455,69762819,78.1228,76.4786
2014/01/08,76.9728,77.6371,64158428,77.9371,76.9557
2014/01/07,77.76,77.1482,80172914,77.9943,76.8464
2014/01/06,76.7785,77.7043,103132361,78.1143,76.2285
2014/01/03,78.98,77.2828,98046999,79.1,77.2043
2014/01/02,79.3828,79.0185,58661530,79.5757,78.8601
2013/12/31,79.1671,80.1457,55761100,80.1828,79.1428
2013/12/30,79.6371,79.2171,63265305,80.0128,78.903
2013/12/27,80.5457,80.0128,56385717,80.63,79.9285
2013/12/26,81.1571,80.5571,50906710,81.3571,80.4823
2013/12/24,81.4128,81.0957,41888748,81.6971,80.8614
2013/12/23,81.1428,81.4414,125072328,81.5314,80.3943
2013/12/20,77.9185,78.4314,108738663,78.8014,77.831
2013/12/19,78.5,77.78,79939814,78.5714,77.6757
2013/12/18,78.5285,78.6814,141217062,78.7785,76.9714
2013/12/17,79.4014,79.2843,57137328,79.92,79.0535
2013/12/16,79.2885,79.6428,70547981,80.377,79.2871
2013/12/13,80.4071,79.2043,82974455,80.4114,79.0957
2013/12/12,80.306,80.0771,65465763,80.7628,80.0043
2013/12/11,81,80.1943,89783987,81.5671,79.9557
2013/12/10,80.5114,80.7928,69101620,81.1257,80.1714
2013/12/09,80.1286,80.9185,79945274,81.3685,80.1286
2013/12/06,80.8271,80.0028,85919076,80.9643,79.9385
2013/12/05,81.8071,81.1287,111600823,82.1622,80.9157
2013/12/04,80.7857,80.7143,94279248,81.3128,80.1171
2013/12/03,79.7571,80.9031,112338274,80.9114,79.6685
2013/12/02,79.7143,78.7471,117918255,80.6185,78.6885
2013/11/29,78.4971,79.4385,79532274,79.7614,78.2585
2013/11/27,76.6157,77.9943,90644497,78,76.2
2013/11/26,74.8743,76.2,99957720,76.5914,74.8571
2013/11/25,74.4314,74.82,57270811,75.1243,74.4285
2013/11/22,74.2171,74.2571,55833466,74.5943,74.0757
2013/11/21,73.9428,74.448,65382638,74.4585,73.3814
2013/11/20,74.1757,73.5714,48459468,74.3457,73.4757
2013/11/19,74.1471,74.2214,52105335,74.7685,73.9957
2013/11/18,74.9985,74.0898,60997871,75.3128,74.0285
2013/11/15,75.2257,74.9987,79339984,75.5843,74.9271
2013/11/14,74.6871,75.4514,70401611,75.6114,74.5528
2013/11/13,74,74.3763,49154022,74.6071,73.8514
2013/11/12,73.9528,74.2871,51067815,74.8457,73.8571
2013/11/11,74.2843,74.1497,56747589,74.5243,73.4871
2013/11/08,73.5114,74.3657,69617240,74.4471,73.2271
2013/11/07,74.2257,73.2131,65542966,74.7414,73.1971
2013/11/06,74.8785,74.4171,55716622,74.98,74.0285
2013/11/05,74.94,75.0641,66243519,75.555,74.7143
2013/11/04,74.4428,75.25,61011871,75.26,74.1157
2013/11/01,74.86,74.29,68524519,74.9714,73.6914
2013/10/31,75,74.6717,68774804,75.3557,74.4671
2013/10/30,74.23,74.9851,88125406,75.36,73.86
2013/10/29,76.61,73.8111,158499648,77.0357,73.5057
2013/10/28,75.5771,75.6965,124205797,75.8571,74.7443
2013/10/25,75.9021,75.1368,84316215,76.1757,75.0157
2013/10/24,75,75.9871,96004539,76.0671,74.6357
2013/10/23,74.1428,74.9943,78237833,75.0957,74.1428
2013/10/22,75.2007,74.2668,133200030,75.4928,72.5757
2013/10/21,73.11,74.4803,98700380,74.9,73.0743
2013/10/18,72.2843,72.6985,72195292,72.7514,72.2443
2013/10/17,71.4257,72.0714,63116954,72.1114,71.3828
2013/10/16,71.5414,71.5877,62449609,71.79,71.3186
2013/10/15,71.0721,71.24,79715744,71.7143,70.7886
2013/10/14,69.9757,70.8628,65216780,71.0828,69.9071
2013/10/11,69.57,70.4017,66797100,70.5486,69.3086
2013/10/10,70.1886,69.9483,69186523,70.34,69.5771
2013/10/09,69.2343,69.5126,75304273,69.6843,68.3257
2013/10/08,69.9914,68.7057,72260532,70.0914,68.6486
2013/10/07,69.5086,69.6786,77889233,70.3786,69.3357
2013/10/04,69.1228,69.0043,64638089,69.2286,68.3714
2013/10/03,70.0728,69.0586,78802384,70.3357,68.6769
2013/10/02,69.3757,69.9371,71799162,70.2571,69.1071
2013/10/01,68.35,69.7086,88194286,69.8771,68.3401
2013/09/30,68.1786,68.1071,64764985,68.8086,67.773
2013/09/27,69.1114,68.9643,56787853,69.2386,68.6743
2013/09/26,69.4286,69.46,59050786,69.7943,69.1286
2013/09/25,69.8857,68.79,79011544,69.9486,68.7757
2013/09/24,70.6971,69.8714,90481397,70.7814,69.6886
2013/09/23,70.8714,70.0914,189942957,70.9871,68.9428
2013/09/20,68.2857,66.7728,174425492,68.3643,66.5714
2013/09/19,67.2428,67.4714,100811930,67.9757,67.0357
2013/09/18,66.1686,66.3828,113636704,66.6214,65.8086
2013/09/17,63.9943,65.0457,99704600,65.6728,63.9286
2013/09/16,65.8571,64.3028,136563951,65.9443,63.8886
2013/09/13,67.0486,66.4143,74495492,67.4042,66.3857
2013/09/12,66.9286,67.5271,100856800,67.9143,66.5728
2013/09/11,66.7157,66.8157,224172687,67.67,66.4014
2013/09/10,72.3143,70.6628,185372026,72.4928,69.9286
2013/09/09,72.1428,72.31,84479315,72.56,71.9257
2013/09/06,71.2057,71.1743,89482147,71.34,69.9928
2013/09/05,71.4643,70.7528,58779242,71.5257,70.52
2013/09/04,71.3657,71.2416,86016026,71.7485,70.8971
2013/09/03,70.4428,69.7971,82966965,71.5143,69.6214
2013/08/30,70.2857,69.6023,68053649,70.4214,69.5
2013/08/29,70.2357,70.2428,59804259,70.9286,70.1614
2013/08/28,69.4286,70.128,76746763,70.8286,69.4286
2013/08/27,71.1428,69.7986,105846822,71.7871,69.4714
2013/08/26,71.5357,71.8528,82354395,72.8857,71.5
2013/08/23,71.8957,71.5743,55559766,71.9071,71.3357
2013/08/22,72.14,71.8514,60866474,72.2271,71.1714
2013/08/21,71.9414,71.7657,83783025,72.45,71.6
2013/08/20,72.8157,71.5814,89508677,72.9385,71.5457
2013/08/19,72.0485,72.5343,127401718,73.3914,72
2013/08/16,71.45,71.7614,90314517,71.8485,71.2657
2013/08/15,70.9171,71.13,122386917,71.7713,69.869
2013/08/14,71.1257,71.2143,188427037,72.0357,70.4857
2013/08/13,67.2771,69.9386,219450906,70.6657,66.8643
2013/08/12,65.2657,66.7657,90984207,66.95,65.2328
2013/08/09,65.52,64.9214,66643940,65.78,64.8071
2013/08/08,66.265,65.8586,63939790,66.3,65.4214
2013/08/07,66.2571,66.4257,74622262,66.7143,65.9671
2013/08/06,66.86,66.4643,83703085,67.4128,66.0243
2013/08/05,66.3843,67.0643,79577704,67.2386,66.0214
2013/08/02,65.43,66.0771,68411287,66.1214,65.2371
2013/08/01,65.1076,65.2394,51386070,65.2571,64.7514
2013/07/31,64.9986,64.6471,80624904,65.3346,64.2043
2013/07/30,64.28,64.76,77240193,65.3071,64.1757
2013/07/29,62.9714,63.97,62006404,64.2843,62.8857
2013/07/26,62.1857,62.9986,50020601,63.0057,62.0486
2013/07/25,62.9571,62.6428,57358143,63.0571,62.2586
2013/07/24,62.7043,62.93,147906334,63.5128,62.18
2013/07/23,60.8571,59.8557,88619467,60.9943,59.8157
2013/07/22,61.3514,60.9014,51912282,61.3928,60.7811
2013/07/19,61.8714,60.7071,67137272,61.9971,60.6214
2013/07/18,61.9114,61.6797,54658172,62.1243,61.5157
2013/07/17,61.3857,61.4728,49737479,61.7457,61.1743
2013/07/16,60.9314,61.4564,54028599,61.53,60.5957
2013/07/15,60.7157,61.0628,60473991,61.6371,60.6857
2013/07/12,61.0928,60.93,69863934,61.3986,60.4871
2013/07/11,60.4214,61.0411,81567174,61.1786,60.1671
2013/07/10,59.9428,60.1043,70064141,60.6857,59.75
2013/07/09,59.0857,60.3357,88135556,60.5,58.6257
2013/07/08,60.0157,59.2928,74476172,60.1428,58.6643
2013/07/05,60.0557,59.6314,68482701,60.47,59.3357
2013/07/03,60.1228,60.1143,60232176,60.4257,59.6357
2013/07/02,58.5657,59.7843,117427695,60.2328,58.4957
2013/07/01,57.5271,58.46,97736269,58.8957,57.3171
2013/06/28,55.9086,56.6471,144584903,57.1814,55.5528
2013/06/27,57.0357,56.2543,84237745,57.3414,56.22
2013/06/26,57.7,56.8671,91911848,57.8271,56.5228
2013/06/25,57.9571,57.5186,78533304,58.2557,56.9757
2013/06/24,58.2,57.5057,120047026,58.38,56.8643
2013/06/21,59.7843,59.0714,120212576,60,58.3
2013/06/20,59.9,59.5483,89321357,60.8543,59.31
2013/06/19,61.6286,60.4286,77690993,61.6657,60.4286
2013/06/18,61.6514,61.6814,48375328,62.1286,61.4586
2013/06/17,61.6343,61.7143,64784564,62.2428,61.4802
2013/06/14,62.2,61.4357,67955299,62.3271,61.2143
2013/06/13,61.7857,62.2807,71449021,62.4486,61.25
2013/06/12,62.7857,61.7414,66270567,63.0357,61.6428
2013/06/11,62.2486,62.5143,71515731,63.2514,61.9028
2013/06/10,63.5328,62.6986,112489474,64.1541,62.4
2013/06/07,62.3571,63.1158,101081990,63.32,61.8243
2013/06/06,63.6386,62.6371,104167451,63.8571,62.0071
2013/06/05,63.6643,63.5871,72524432,64.3886,63.3871
2013/06/04,64.7457,64.1871,72575322,64.9186,63.9128
2013/06/03,64.39,64.3886,92900598,64.6228,63.2114
2013/05/31,64.6428,64.2478,95688069,65.3,64.2143
2013/05/30,63.6643,64.5114,88354937,64.9286,63.5014
2013/05/29,62.8571,63.5643,82553265,63.9286,62.7714
2013/05/28,64.2714,63.0627,96311559,64.4443,62.9786
2013/05/24,62.9786,63.5928,69009031,63.6657,62.9086
2013/05/23,62.2786,63.1628,88239856,63.7371,62.2557
2013/05/22,63.4357,63.0506,110682773,64.05,62.6028
2013/05/21,62.5928,62.8086,113917824,63.64,62.0286
2013/05/20,61.7014,63.2757,112529584,63.6857,61.4428
2013/05/17,62.7214,61.8943,106966262,62.87,61.5728
2013/05/16,60.4628,62.0826,150737695,62.55,59.8428
2013/05/15,62.7371,61.2643,185168956,63,60.3371
2013/05/14,64.8357,63.4086,111617413,65.0286,63.1643
2013/05/13,64.5014,64.9628,79216224,65.4143,64.5
2013/05/10,65.4243,64.71,83615305,65.6728,64.3543
2013/05/09,65.6871,65.2528,99448260,66.1428,65.0828
2013/05/08,65.5771,66.2628,117977895,66.4814,65.1157
2013/05/07,66.4243,65.5226,120467656,66.5357,64.8143
2013/05/06,65.1014,65.8157,123979417,66.0286,64.9014
2013/05/03,64.4728,64.2828,90287637,64.7471,64.1643
2013/05/02,63.1114,63.6457,105409532,64.0843,62.9471
2013/05/01,63.4943,62.7557,126694438,63.5614,62.0557
2013/04/30,62.1571,63.2543,172699362,63.6071,61.7243
2013/04/29,60.0643,61.4457,159929048,61.9453,60
2013/04/26,58.5443,59.6007,190977767,59.8241,58.3214
2013/04/25,58.7464,58.34,95958899,59.1343,58.1428
2013/04/24,56.22,57.9231,242352533,59.3214,56.0714
2013/04/23,57.7128,58.0186,150492275,58.3401,56.9728
2013/04/22,56.0914,56.9528,107226032,57.4571,55.8964
2013/04/19,55.4243,55.79,152132166,57.0857,55.0143
2013/04/18,57.8557,56.0071,166414970,57.97,55.6774
2013/04/17,60.0386,57.5428,236094111,60.0857,56.8728
2013/04/16,60.2243,60.8914,76203143,60.9443,60.0814
2013/04/15,61,59.9786,79101214,61.1271,59.9357
2013/04/12,62.0214,61.4,59634201,62.0214,61.2986
2013/04/11,61.96,62.0471,82064315,62.57,61.6
2013/04/10,61.1571,62.2414,93883258,62.4371,60.8586
2013/04/09,60.9086,60.9971,76595913,61.2143,60.3928
2013/04/08,60.6928,60.8871,75145863,61.0714,60.3557
2013/04/05,60.6428,60.4571,95724469,60.7071,59.9543
2013/04/04,61.9657,61.1028,89574827,62.1428,60.75
2013/04/03,61.6243,61.7128,90550837,62.4686,61.4728
2013/04/02,61.0857,61.3988,132255450,62.5914,60.9143
2013/04/01,63.1286,61.2728,97168149,63.3854,61.1057
2013/03/28,64.26,63.2371,110618443,64.5456,63.0886
2013/03/27,65.2086,64.5828,81772975,65.2571,64.39
2013/03/26,66.4914,65.8766,73390892,66.5485,65.79
2013/03/25,66.3843,66.2257,124980207,67.1357,65.9686
2013/03/22,64.94,65.9871,98261129,66.0143,64.73
2013/03/21,64.3171,64.6757,95484439,65.4257,64.3
2013/03/20,65.3457,64.5828,76980353,65.3757,64.2271
2013/03/19,65.6428,64.9271,131468929,65.8528,64.0714
2013/03/18,63.0643,65.1028,149961185,65.3514,63.0286
2013/03/15,62.5614,63.38,160587468,63.4614,62.4643
2013/03/14,61.8328,61.7857,75801483,62.0914,61.4928
2013/03/13,61.2071,61.1928,101314460,62.0714,60.7657
2013/03/12,62.2286,61.2043,116142145,62.6971,61.0814
2013/03/11,61.3928,62.5528,118221425,62.7157,60.7343
2013/03/08,61.4,61.6743,97466769,62.2043,61.23
2013/03/07,60.6428,61.5117,116969895,61.7157,60.1514
2013/03/06,62.0728,60.8088,114860374,62.1786,60.6328
2013/03/05,60.2114,61.592,159227158,62.17,60.1071
2013/03/04,61.1143,60.0071,144332343,61.1714,59.8571
2013/03/01,62.5714,61.4957,137819681,62.5971,61.4257
2013/02/28,63.4357,63.0571,80512484,63.9814,63.0571
2013/02/27,64.0614,63.51,146554914,64.6343,62.95
2013/02/26,63.4028,64.1386,125040618,64.5057,62.5228
2013/02/25,64.8357,63.2571,92813518,65.0171,63.2243
2013/02/22,64.1786,64.4014,82560265,64.5143,63.8
2013/02/21,63.7143,63.7228,111563653,64.1671,63.26
2013/02/20,65.3843,64.1214,118823076,65.3843,64.1143
2013/02/19,65.8714,65.7128,108820003,66.1043,64.8357
2013/02/15,66.9786,65.7371,97873819,67.1657,65.7028
2013/02/14,66.36,66.6557,88785717,67.3771,66.2886
2013/02/13,66.7443,66.7157,118682866,67.6628,66.1743
2013/02/12,68.5014,66.8428,151743386,68.9114,66.8206
2013/02/11,68.0714,68.5614,128206578,69.2771,67.6071
2013/02/08,67.7143,67.8543,158143417,68.4014,66.8928
2013/02/07,66.1786,66.8886,175627813,67.1428,64.8743
2013/02/06,65.21,65.3357,148003914,66.6428,64.6543
2013/02/05,63.4357,65.4063,142959083,65.6771,63.1743
2013/02/04,64.8443,63.188,119044766,65.1343,63.1428
2013/02/01,65.5871,64.8028,134704470,65.64,64.05
2013/01/31,65.2828,65.07,79445474,65.6114,64.9971
2013/01/30,65.2857,65.2614,104140851,66.0857,64.9286
2013/01/29,65.5,65.4671,142486933,65.7428,64.5886
2013/01/28,62.5464,64.2614,195771859,64.7443,62.2657
2013/01/25,64.5271,62.84,301617420,65.1757,62.1428
2013/01/24,65.7143,64.3571,364459099,66.5328,64.3214
2013/01/23,72.6871,73.4293,191090117,73.57,72.11
2013/01/22,72.08,72.11,114745924,72.5543,70.9471
2013/01/18,71.2166,71.4285,116987465,71.7457,70.9143
2013/01/17,72.9014,71.8114,112900444,72.9643,71.7185
2013/01/16,70.6628,72.2985,172393952,72.7771,70.3571
2013/01/15,71.1857,69.4171,217802615,71.2843,69.0543
2013/01/14,71.8114,71.6785,183021145,72.5,71.2157
2013/01/11,74.4285,74.3285,87569116,75.0457,74.1457
2013/01/10,75.5071,74.7871,149986665,75.5314,73.6457
2013/01/09,74.6428,73.8714,101748741,75.0007,73.7128
2013/01/08,75.6014,75.0443,114451364,75.9843,74.4643
2013/01/07,74.5714,74.8428,120838376,75.6143,73.6
2013/01/04,76.7093,75.2857,148374285,76.9471,75.1183
2013/01/03,78.2685,77.4422,88054216,78.5243,77.2857
2013/01/02,79.1171,78.4328,139906732,79.2857,77.3757
2012/12/31,72.9328,76.0247,164519649,76.4857,72.7143
2012/12/28,72.8985,72.7984,88117426,73.4971,72.5885
2012/12/27,73.3628,73.58,113575314,73.75,72.0943
2012/12/26,74.1428,73.2856,75475003,74.2085,73.0171
2012/12/24,74.3357,74.3097,43936990,74.8928,74.1014
2012/12/21,73.21,74.19,148609695,74.2385,72.8914
2012/12/20,75.7143,74.5329,120153986,75.7428,74.1257
2012/12/19,75.9243,75.1871,112061074,76.2428,75.0714
2012/12/18,75,76.2714,156143657,76.4143,74.3214
2012/12/17,72.7043,74.1185,189181917,74.2857,71.6043
2012/12/14,73.5357,72.8277,252115436,74.0188,72.2257
2012/12/13,75.8785,75.67,155971877,76.8057,75.1143
2012/12/12,78.2528,77,121630216,78.2857,76.61
2012/12/11,77.11,77.3411,147820794,78.5085,76.7671
2012/12/10,75,75.6887,157477787,76.93,74.5114
2012/12/07,79.0571,76.1785,196603459,79.3143,75.7143
2012/12/06,75.5628,78.1778,294065958,79.0443,74.09
2012/12/05,81.2728,76.9703,259803118,81.3214,76.9671
2012/12/04,83.1143,82.2636,138712182,83.1143,81.7328
2012/12/03,84.8071,83.7414,90911547,84.9414,83.6428
2012/11/30,83.8271,83.6114,97622309,84.0571,83.24
2012/11/29,84.3164,84.1943,128394879,84.8928,83.6071
2012/11/28,82.4671,83.2771,130112749,83.6857,81.7514
2012/11/27,84.2214,83.54,133099650,84.3457,82.8714
2012/11/26,82.2714,84.2185,157238387,84.2857,81.9585
2012/11/23,81.0243,81.6428,68206599,81.7143,80.3714
2012/11/21,80.6071,80.2428,93231278,81.0528,79.5143
2012/11/20,81.7014,80.1305,160537558,81.7071,79.2257
2012/11/19,77.2443,80.8185,205441312,81.0714,77.1257
2012/11/16,75.0285,75.3825,316194785,75.7143,72.25
2012/11/15,76.79,75.0885,197157859,77.0714,74.66
2012/11/14,77.9285,76.6971,119026076,78.2071,76.5971
2012/11/13,76.9871,77.5568,133201920,78.64,76.6228
2012/11/12,79.1643,77.5471,128801509,79.2143,76.95
2012/11/09,77.2028,78.1514,232298080,79.2685,76.2457
2012/11/08,80.09,76.8214,263467059,80.3185,76.47
2012/11/07,81.9764,79.7145,198152419,82.0771,79.3928
2012/11/06,84.3185,83.2642,93580438,84.3914,82.87
2012/11/05,83.3593,83.5173,132221850,83.9671,82.5143
2012/11/02,85.1271,82.4,149722555,85.2785,82.1071
2012/11/01,85.46,85.22,90287637,86.1428,84.8814
2012/10/31,84.9828,85.0457,127361118,85.9943,83.9571
2012/10/26,87.0614,86.2857,254608276,87.7143,84.4285
2012/10/25,88.5714,87.0768,159313328,88.8571,86.5071
2012/10/24,88.7771,88.1185,139246492,89.5071,87.2343
2012/10/23,90.1428,87.6222,176497913,90.5571,87.3857
2012/10/22,87.4885,90.5757,136374671,90.7685,87.2514
2012/10/19,90.15,87.12,185618286,90.2528,87.0885
2012/10/18,91.37,90.3771,119025656,91.7228,90
2012/10/17,92.6957,92.0876,97195099,93.2557,92
2012/10/16,90.7671,92.8275,137208791,92.9,90.1428
2012/10/15,90.3357,90.68,107948432,90.7328,89.1214
2012/10/12,89.9371,89.9591,114883754,90.7685,89.3285
2012/10/11,92.3571,89.7285,136341211,92.4571,89.7285
2012/10/10,91.3914,91.5585,127322338,92.14,91
2012/10/09,91.2357,90.8357,209390853,91.4985,89.0785
2012/10/08,92.4114,91.1671,159189568,92.5085,90.8728
2012/10/05,95.0285,93.2271,148189554,95.1428,93.04
2012/10/04,95.8928,95.2571,92516018,96.3214,95.0785
2012/10/03,94.98,95.9214,105850532,95.98,94.6614
2012/10/02,94.5443,94.4728,156293037,95.1928,92.95
2012/10/01,95.88,94.1985,135694481,96.6785,93.7857
2012/09/28,96.9643,95.3007,133569490,97.3014,95.25
2012/09/27,94.8985,97.3314,148037514,97.4528,94.3357
2012/09/26,95.5343,95.0257,144088393,96.0985,94.4571
2012/09/25,98.3228,96.22,129376629,98.9685,96.1428
2012/09/24,98.1228,98.6843,159435968,99.3028,97.5714
2012/09/21,100.3443,100.0135,142582763,100.7243,99.9088
2012/09/20,99.88,99.8143,83949835,100.0085,99.0885
2012/09/19,100.0371,100.3,81575714,100.57,99.9385
2012/09/18,99.9828,100.2728,93139368,100.3328,99.4885
2012/09/17,99.9071,99.9687,98918360,99.9714,99.23
2012/09/14,98.565,98.7543,149877325,99.5685,98.27
2012/09/13,96.7671,97.5685,149262095,97.9285,96.3957
2012/09/12,95.2643,95.6843,177589913,95.7,93.7143
2012/09/11,95.0157,94.37,125760918,95.7285,93.7857
2012/09/10,97.2071,94.6771,121551956,97.6128,94.5857
2012/09/07,96.8643,97.2057,82228185,97.4971,96.5385
2012/09/06,96.1671,96.61,97738999,96.8985,95.8285
2012/09/05,96.51,95.7471,83949835,96.6214,95.6571
2012/09/04,95.1085,96.4243,91805028,96.4485,94.9285
2012/08/31,95.3214,95.0343,84463495,95.5143,93.8928
2012/08/30,95.8057,94.8383,75514273,95.9363,94.6933
2012/08/29,96.4643,96.2094,50544551,96.81,96.0857
2012/08/28,96.4253,96.4,66709096,96.5857,95.8104
2012/08/27,97.1414,96.5257,106575802,97.2671,96.22
2012/08/24,94.2157,94.746,107074132,95.64,93.65
2012/08/23,95.1585,94.6614,104855271,95.7,94.45
2012/08/22,93.4885,95.5528,140900172,95.5714,92.5871
2012/08/21,95.8314,93.7231,202792581,96.4114,92.9043
2012/08/20,92.8585,95.0214,152992536,95.0214,92.8428
2012/08/17,91.4285,92.5871,110457373,92.5985,91.2585
2012/08/16,90.1728,90.9057,63601368,90.9657,90.0714
2012/08/15,90.1857,90.1185,64307325,90.5714,89.6785
2012/08/14,90.2671,90.2414,84939075,91.23,90.03
2012/08/13,89.0557,90,69562052,90,89.0357
2012/08/10,88.3871,88.8143,48726623,88.8228,88.3857
2012/08/09,88.2643,88.6757,55081834,88.8185,88.2571
2012/08/08,88.4843,88.5514,60970746,89.1257,88.1571
2012/08/07,88.9671,88.702,72558872,89.2857,88.2914
2012/08/06,88.1843,88.9357,75488233,89.2668,87.8943
2012/08/03,87.6614,87.9571,86083296,88.2828,87.3657
2012/08/02,86.12,86.8271,83023385,87.2414,85.75
2012/08/01,87.9864,86.6871,96002719,88.0571,86.1428
2012/07/31,86.1757,87.2514,115373055,87.3857,86.1028
2012/07/30,84.4171,85.0043,94626868,85.6343,83.9743
2012/07/27,82.1443,83.5943,100956620,83.69,81.6557
2012/07/26,82.8228,82.1257,101611050,82.9143,81.48
2012/07/25,82.0657,82.1385,219211506,82.9714,81.4285
2012/07/24,86.7685,85.8457,137351661,87.0971,85.5014
2012/07/23,84.9143,86.2614,121642186,86.5571,83.9585
2012/07/20,87.5757,86.3285,99227200,87.7771,86.2428
2012/07/19,87.3257,87.76,108981913,87.9071,86.5714
2012/07/18,86.6557,86.6085,62685509,86.9057,86.2228
2012/07/17,87.2557,86.7057,73378782,87.3571,86.1643
2012/07/16,86.4457,86.7014,75263813,87.3743,86.4314
2012/07/13,86.1357,86.4243,77827633,86.7414,85.7143
2012/07/12,85.7485,85.5571,106873442,86.21,84.6685
2012/07/11,86.5885,86.3471,117068665,86.8085,85.3171
2012/07/10,88.2814,86.8871,127763688,88.5528,86.4728
2012/07/09,86.4714,87.6985,94701768,87.7,86.3014
2012/07/06,86.7271,86.5543,104693151,86.92,85.94
2012/07/05,85.7943,87.1343,120978516,87.7628,85.6643
2012/07/03,84.9828,85.63,60428183,85.7143,84.8571
2012/07/02,83.5328,84.6457,99806940,84.7814,83.3714
2012/06/29,82.5714,83.4285,105131912,83.4285,82.0357
2012/06/28,81.6671,81.2928,70572061,82,80.8014
2012/06/27,82.1428,82.0714,50737114,82.3914,81.7028
2012/06/26,81.6185,81.7178,69124972,82.07,81.0471
2012/06/25,82.4714,81.5378,75963043,82.8285,81.4814
2012/06/22,82.72,83.1571,70792001,83.17,82.2028
2012/06/21,83.6343,82.5243,81511944,84.0314,82.4914
2012/06/20,84.03,83.6773,89706357,84.1785,82.9714
2012/06/19,83.3428,83.9157,90239127,84.2857,83.3
2012/06/18,81.5657,83.6828,109922713,83.9843,81.4814
2012/06/15,81.5714,82.0185,83596545,82.0885,81.3643
2012/06/14,81.6057,81.6471,86325986,81.9285,81.0371
2012/06/13,82.0743,81.7371,73380042,82.64,81.4828
2012/06/12,82.0657,82.3085,108784723,82.3743,80.9571
2012/06/11,83.96,81.5957,147605824,84.0714,81.5185
2012/06/08,81.6571,82.9028,86587996,82.9405,81.2857
2012/06/07,82.47,81.6743,94916808,82.4743,81.5
2012/06/06,81.11,81.6371,100135800,81.9785,80.7857
2012/06/05,80.1814,80.4043,96944429,80.9243,79.7614
2012/06/04,80.2143,80.6128,138991972,81.0714,78.3571
2012/06/01,81.3085,80.1414,130080689,81.8071,80.0743
2012/05/31,82.9628,82.5328,122817347,83.0714,81.6371
2012/05/30,81.3143,82.7385,132188320,82.8557,80.9371
2012/05/29,81.5571,81.7528,94973228,82,80.7585
2012/05/25,80.6557,80.3271,81958125,80.8357,79.7817
2012/05/24,82.2671,80.76,123856147,82.3571,80.1757
2012/05/23,79.6428,81.5085,145594164,81.8285,79.0328
2012/05/22,81.3643,79.5671,173417772,81.9828,78.94
2012/05/21,76.3571,80.1828,157250007,80.22,76.2928
2012/05/18,76.28,75.7685,182773345,77.63,74.5971
2012/05/17,77.9014,75.7314,178603164,78.2143,75.7314
2012/05/16,79.15,78.0107,139914782,79.5557,77.2914
2012/05/15,80.2071,79.0243,118859546,80.46,78.8214
2012/05/14,80.3671,79.7457,87975396,81.0728,79.6571
2012/05/11,80.7143,80.9585,99653570,82.0671,80.6214
2012/05/10,82.0828,81.5028,83026395,82.2685,81.2058
2012/05/09,80.5285,81.3114,120022806,81.9968,80.1214
2012/05/08,81.3685,81.1685,124080357,81.6428,79.8185
2012/05/07,80.2143,81.3543,114959564,81.8243,80.1757
2012/05/04,82.44,80.75,132304520,82.6228,80.7385
2012/05/03,84.3571,83.1171,97380669,84.4857,82.9
2012/05/02,82.8914,83.7114,106750312,83.9142,82.6943
2012/05/01,83.5571,83.1614,152492176,85.2514,83.0328
2012/04/30,85.4,83.4257,126321688,85.4857,83.2857
2012/04/27,86.4385,86.1428,101533910,86.5971,85.7857
2012/04/26,87.7528,86.8143,133588810,87.8128,86.0185
2012/04/25,87.9478,87.1428,225862488,88.2857,86.5714
2012/04/24,80.3728,80.04,263552249,81.0985,79.2857
2012/04/23,81.5157,81.6714,241398292,82.3814,79.5171
2012/04/20,84.4828,81.8543,257480867,84.9457,81.4885
2012/04/19,85.7457,83.92,208302982,86.3903,83.5028
2012/04/18,87.6743,86.9057,238277411,88.6071,86.1014
2012/04/17,82.7057,87.1,255328647,87.1428,81.7014
2012/04/16,87.1514,82.8757,262356159,87.1828,82.6071
2012/04/13,89.1585,86.4614,214640084,89.2428,86.2157
2012/04/12,89.2857,88.9671,153188746,90.19,88.6428
2012/04/11,90.8857,89.4571,173844142,90.9814,89.0489
2012/04/10,91.4185,89.7771,221909237,92,89.4285
2012/04/09,89.4471,90.89,149052655,91.4057,89.3285
2012/04/05,89.5685,90.5257,159997578,90.6657,89.0571
2012/04/04,89.1928,89.1871,142980433,89.4085,88.1428